District,Micro Units,Micro Employment,Small units,Small Employment,Medium Units,Medium Employment,Total Enterprises,Total Employed
Bagalkot,57761,890938,354,10796,13,511,58128,902245
Ballari,56336,937832,914,22204,63,5213,57313,965249
Belagavi,169399,1231557,1152,35783,65,7042,170616,1274382
Bengaluru (Rural),114515,1069343,1523,75449,145,26825,116183,1171617
Bengaluru (Urban),618360,4039540,13971,739126,1333,321026,633664,5099692
Bidar,46661,1003640,333,7472,19,1159,47013,1012271
Chamarajnagar,26832,184420,163,1682,5,1173,27000,187275
Chikballapur,43595,415631,318,5486,13,734,43926,421851
Chikkamagaluru,38406,260141,377,4793,17,1273,38800,266207
Chitradurga,46617,1003367,362,4720,23,3520,47002,1011607
Dakshin Kannada,94638,663270,1214,37990,80,12851,95932,714111
Davangere,63854,798090,569,11731,26,1422,64449,811243
Dharwad,89902,545014,940,24142,66,5625,90908,574781
Gadag,32827,440834,222,2422,2,9,33051,443265
Hassan,64050,890253,676,14439,27,724,64753,905416
Haveri,51441,410543,399,5535,18,719,51858,416797
Kalaburagi,60823,645221,639,8668,29,2552,61491,656441
Kodagu,20220,123952,242,2456,23,614,20485,127022
Kolar,51764,543910,498,11875,34,3196,52296,558981
Koppal,34940,360933,481,6551,10,494,35431,367978
Mandya,57218,533710,422,5959,8,217,57648,539886
Mysuru,138201,1085129,1297,56615,62,10842,139560,1152586
Raichur,45064,394856,721,10096,37,777,45822,405729
Ramanagara,44104,370582,341,12915,22,4631,44467,388128
Shivamogga,68171,578397,614,15162,26,3525,68811,597084
Tumakuru,95630,910219,877,17759,30,5342,96537,933320
Udupi,55848,254731,613,23727,46,9366,56507,287824
Uttar Kannad,52681,229950,308,5664,3,125,52992,235739
Vijayanagar,23931,177004,140,1828,2,16,24073,178848
Vijayapura,62419,580480,575,14200,38,2001,63032,596681
Yadgir,26410,319985,224,2866,11,490,26645,323341
TOTAL,2452618,21893472,31479,1200111,2296,434014,2486393,23527597
