District,Male General Degree,Male General Diploma,Male Gen Total,Male SC Deg,Male SC Dip,Male SC Total,Male ST Deg,Male ST Dip,Male ST Total,Male Total,Female General Degree,Female General Diploma,Female Gen Total,Female SC Deg,Female SC Dip,Female SC Total,Female ST Deg,Female ST Dip,Female ST Total,Female Total,Grand Total
Bagalkote,3109,37,3146,657,3,660,173,1,174,3980,2488,28,2516,506,1,507,134,3,137,3160,7140
Ballari,1313,27,1340,388,5,393,349,4,353,2086,1190,16,1206,319,1,320,221,1,222,1748,3834
Belagavi,6103,87,6190,792,12,804,328,3,331,7325,5512,42,5554,636,10,646,252,2,254,6454,13779
Bengaluru rural,693,14,707,129,1,130,31,0,31,868,795,6,801,156,2,158,41,0,41,1000,1868
Bengaluru urban,3731,34,3765,734,5,739,114,1,115,4619,4049,15,4064,931,8,939,111,0,111,5114,9733
Bidar,1703,40,1743,659,20,679,468,6,474,2896,1655,28,1683,616,8,624,437,4,441,2748,5644
Chamaraja nagara,555,13,568,277,10,287,0,0,66,921,590,6,596,300,6,306,82,0,82,984,1905
Chikkaballapura,867,34,901,256,3,259,90,3,93,1253,902,13,915,196,3,199,108,0,108,1222,2475
Chikkamagaluru,938,12,950,204,2,206,30,0,30,1186,1162,8,1170,262,1,263,52,0,52,1485,2671
Chitradurga,1242,25,1267,436,14,450,320,3,323,2040,1571,23,1594,415,7,422,302,4,306,2322,4362
Dakshina kannada,1376,98,1474,55,4,59,43,7,50,1583,1784,23,1807,146,5,151,100,2,102,2060,3643
Davangere,1666,45,1711,446,7,453,222,6,228,2392,2235,33,2268,474,10,484,256,8,264,3016,5408
Dharwad,1585,42,1627,186,2,188,68,0,68,1883,1905,45,1950,219,4,223,93,2,95,2268,4151
Gadag,1073,26,1099,266,1,267,76,1,77,1443,1163,19,1182,161,5,166,78,2,80,1428,2871
Hassan,1442,47,1489,277,5,282,31,0,31,1802,1861,36,1897,361,3,364,37,0,37,2298,4100
Haveri,1431,39,1470,259,1,260,172,3,175,1905,1702,16,1718,219,2,221,193,4,197,2136,4041
Kalaburagi,4129,74,4203,1393,17,1410,217,2,219,5832,3484,24,3508,1024,4,1028,134,1,135,4671,10503
Kodagu,391,13,404,40,0,40,14,1,15,459,491,1,492,76,1,77,24,0,24,593,1052
Kolar,928,5,933,314,11,325,46,1,47,1305,883,8,891,367,2,369,58,1,59,1319,2624
Koppal,1651,41,1692,444,3,447,281,2,283,2422,1411,30,1441,291,8,299,246,1,247,1987,4409
Mandya,1217,29,1246,211,0,211,10,0,10,1467,1589,20,1609,277,2,279,22,0,22,1910,3377
Mysuru,1934,51,1985,535,10,545,283,3,286,2816,2244,22,2266,702,10,712,334,3,337,3315,6131
Raichur,3220,41,3261,1227,8,1235,1032,2,1034,5530,2040,11,2051,727,4,731,500,1,501,3283,8813
Ramanagara,703,28,731,136,1,137,13,0,13,881,950,19,969,191,3,194,19,0,19,1182,2063
Shivamogga,1808,30,1838,262,5,267,66,0,66,2171,2280,25,2305,382,6,388,106,2,108,2801,4972
Tumakuru,1698,39,1737,334,10,344,149,2,151,2232,2087,23,2110,409,8,417,164,1,165,2692,4924
Udupi,828,33,861,35,2,37,37,4,41,939,1290,16,1306,87,1,88,55,1,56,1450,2389
Uttara kannada,1436,67,1503,108,5,113,29,0,29,1645,1958,32,1990,109,4,113,35,0,35,2138,3783
Vijayanagar,1136,25,1161,562,6,568,299,3,302,2031,1193,17,1210,387,0,387,249,0,249,1846,3877
Vijayapura,3350,57,3407,978,4,982,219,2,221,4610,2094,47,2141,596,7,603,120,0,120,2864,7474
Yadgir,1901,15,1916,674,7,681,346,2,348,2945,873,7,880,261,1,262,128,0,128,1270,4215
Total,55157,1168,56325,13274,184,13458,5622,62,5684,75467,55431,659,56090,11803,137,11940,4691,43,4734,72764,148231
