Sl No,District,Target,Registration/Achievement,Percentage
1,Bagalkote,584302,432177,73.96
2,Belagavi,1480561,1017098,68.7
3,Bellari,760087,489181,79.66
4,Vijayanagar,760087,116381,79.66
5,Bengaluru Urban,2978452,569572,19.12
6,Bengaluru Rural,307006,185399,60.39
7,Bidar,527357,410899,77.92
8,Chamarajanagar,316909,244154,77.04
9,Chikkaballapur,388709,236073,60.73
10,Chikmagaluru,351571,206196,58.65
11,Chitradurga,514978,324618,63.04
12,Dakshina Kannada,646198,254858,39.44
13,Davanagere,601633,340619,56.62
14,Gadag,329289,207962,63.15
15,Hassan,549640,302203,54.98
16,Haveri,495171,388080,78.37
17,Hubli - Dharwad,571922,390718,68.32
18,Kalaburgi,794749,643495,80.97
19,Kodagu,173310,69350,40.02
20,Kolar,477840,261841,54.8
21,Koppala,430799,281353,65.31
22,Mandya,559543,328690,58.74
23,Mysuru,928445,519458,55.95
24,Raichur,596681,434088,72.75
25,Bengaluru South,334240,190512,57
26,Shivamogga,542212,364580,67.24
27,Tumkuru,829411,426288,51.4
28,Udupi,363951,204102,56.08
29,Uttar Kannada,245654,313184,70.28
30,Yallapura,200000,313184,70.28
31,Vijayapur,673432,595816,88.47
32,Yadagiri,363951,277955,76.37
,Total,"1,89,18,003","1,10,26,900",58.29
