Sl No,Districts,Ambdekar Nivas Yojana 0 Urban,Ambdekar Nivas Yojana 0 Rural,Vajpayee Urban Housing Scheme EMPIC Target,Vajpayee Urban Housing Scheme Constructed,Devraj Urs Rural Target,Devraj Urs Urban Target,Devraj Urs Rural Achieved,Devraj Urs Urban Achieved
1,Bagalkot,88,267,438,214,32,34,18,2
2,Ballari,57,34,45,34,3,0,4,0
3,Belagavi,58,510,242,144,66,4,50,2
4,Bengaluru Rural,10,158,19,9,14,0,13,0
5,Bengaluru South,4,634,18,7,5,0,14,0
6,Bengaluru Urban,10,40,5,16,0,0,0,0
7,Bidar,11,197,73,11,351,3,113,0
8,Chamarajanagar,13,616,20,21,0,0,7,0
9,Chikkaballapur,11,182,30,16,61,0,36,0
10,Chikkamagaluru,10,90,10,8,1,1,8,1
11,Chitradurga,11,430,24,17,509,0,219,0
12,Dakshina Kannada,13,77,32,34,0,0,2,0
13,Davanagere,12,259,42,43,142,17,37,1
14,Dharwada,3,55,59,7,0,0,9,0
15,Gadaga,4,157,64,23,47,4,3,1
16,Hassana,6,209,28,8,36,0,27,0
17,Haveri,4,169,74,29,7,0,29,0
18,Kalaburagi,14,369,93,16,447,9,283,8
19,Kodagu,6,80,12,7,0,0,3,0
20,Kolara,15,224,56,13,6,0,8,0
21,Koppala,21,519,47,27,50,4,47,2
22,Mandya,7,143,20,23,3,0,4,0
23,Mysuru,26,1240,98,47,91,0,54,0
24,Raichuru,40,451,88,59,43,1,34,7
25,Shivamogga,19,173,49,39,42,0,19,1
26,Tumakuru,7,426,51,29,1427,0,487,0
27,Udupi,17,77,14,16,3,0,6,0
28,UttaraKannada,8,150,70,58,119,0,119,0
29,Vijayanagara,18,404,45,22,395,1,192,0
30,Vijayapura,91,722,442,186,45,22,71,5
31,Yadgiri,116,643,192,132,55,0,79,8
,Total,730,9705,2500,1315,4000,100,1995,38
