Sl No,District,2025 Exam-1 (%),2024 Exam-1 (%)
1,Udupi,93.9,96.8
2,Dakshina Kannada,93.57,97.37
3,Bengaluru South,85.36,89.57
4,Kodagu,83.84,92.13
5,Bengaluru North,83.31,88.67
6,Uttara Kannada,82.93,92.51
7,Shivamogga,79.91,88.58
8,Bengaluru Rural,79.7,87.55
9,Chikkamagaluru,79.56,88.2
10,Hassan,77.56,85.83
11,Chikkaballapura,75.8,82.84
12,Mysuru,74.3,83.13
13,Chamarajanagara,73.97,84.99
14,Mandya,73.27,80.56
15,Bagalkote,72.83,87.54
16,Kolar,72.45,86.12
17,Dharwad,72.32,80.7
18,Tumakuru,72.02,81.03
19,Ramanagara,69.71,83.58
20,Davanagere,69.45,80.96
21,Haveri,67.56,78.36
22,Bidar,67.31,81.69
23,Koppal,67.2,80.83
24,Chikkodi,66.76,84.1
25,Gadag,66.64,72.86
26,Belagavi,65.37,77.2
27,Ballari,64.41,74.7
28,Chitradurga,59.87,72.92
29,Vijayapura,58.81,94.89
30,Raichur,58.75,73.11
31,Kalaburagi,55.7,75.48
32,Yadgiri,48.45,77.29
,State,73.45,84.59
