Sl No,District Name,2025 Appeared,2025 Passed,2025 Pass percent,2024 appeared,2024 passed,2024 pass percent
1,Bengaluru North,44664,36942,82.71,43810,39137,89.33
2,Bengaluru South,56406,45937,81.44,55380,50306,90.84
3,Ramanagara,12186,9751,80.02,12594,10267,81.52
4,Bengaluru Rural,13630,11931,87.53,13916,12522,89.98
5,Chikkaballapura,14951,11569,77.38,15354,12601,82.07
6,Kolar,18690,16381,87.65,19201,16528,86.08
7,Madhugiri,11764,8127,69.08,12266,10052,81.95
8,Tumakuru,20606,15641,75.91,21228,17976,84.68
9,Chamarajanagara,10826,9003,83.16,11185,9466,84.63
10,Mysuru,35447,28673,80.89,36535,33251,91.01
11,Mandya,19520,16287,83.44,20167,17738,87.96
12,Udupi,13593,12769,93.94,13281,13017,98.01
13,Dakshina Kannada,27850,26293,94.41,27187,26497,97.46
14,Kodagu,6294,5510,87.54,5879,5580,94.91
15,Davanagere,20050,15690,78.25,20544,17433,84.86
16,Chitradurga,21835,15383,70.45,21743,17759,81.68
17,Chikkamagaluru,12372,10487,84.76,12098,11095,91.71
18,Shivamogga,21927,19441,88.66,21176,20101,94.92
19,Hassan,19285,17527,90.88,19161,17764,92.71
20,Haveri,21176,17132,80.9,21829,18840,86.31
21,Gadag,14639,12179,83.2,14875,12964,87.15
22,Dharwad,26954,21543,79.93,27379,22997,84
23,Chikkodi,42526,33995,79.94,43704,36308,83.08
24,Belagavi,31685,25500,80.48,32042,26226,81.85
25,Bagalakote,30396,25016,82.3,30330,26707,88.05
26,Vijayapura,39116,30843,78.85,38702,34374,88.82
27,Sirsi,9384,8160,86.96,9489,8743,92.14
28,Uttara Kannada,8938,8051,90.08,9195,8708,94.7
29,Yadagiri,15273,9481,62.08,16740,11760,70.25
30,Kalaburagi,39975,22740,56.89,41360,30680,74.18
31,Koppala,21821,17224,78.93,22422,16990,75.77
32,Raichuru,29119,21838,75,28950,22924,79.18
33,Bidar,24084,17666,73.35,24825,19783,79.69
34,Vijayanagara,19579,16984,86.75,19691,16579,84.2
35,Ballari,20223,16037,79.3,19865,17139,86.28
,Total,796784,637731,80.04,804103,690812,85.91
