Sl No,District,Agriculture (%),Industry (%),Services (%),Constribution to GDDP (%),Per Capita Income (Rs.),GDDP Current Prices (Cr.),GDDP Constant Prices (Rs. Cr),NDDP Current Prices (Rs. Cr),NDDP Constant Prices (Rs. Cr)
1,Bagalkote,3.3,3.2,1.8,2.3,279919,65909,37049,58621,32399
2,Bangalore Urban,5.5,28.4,49.4,40.4,855960,1173574,635380,1111787,595656
3,Bangalore Rural,2.1,2.1,1.2,1.5,349559,43485,24393,39071,21594
4,Belagavi,6.8,4.4,3.2,3.8,183217,111225,61133,96002,51423
5,Ballari,2.2,2.9,1.8,2.1,324111,59928,34033,51253,28533
6,Bidar,2.1,1.1,1.3,1.4,185079,39798,21778,34741,18538
7,Vijayapura,4.9,1.8,1.4,1.9,187429,54785,28949,47493,24320
8,Chamarajanagar,3.2,1.1,0.9,1.2,304040,35351,19092,31028,16341
9,Chikkaballapur,2.6,1.4,1.1,1.3,252588,37935,20400,33200,17442
10,Chikkamagaluru,2.8,3.2,1.6,2.1,494787,59955,33976,53629,29996
11,Chitradurga,4,1.2,1.3,1.6,227554,45577,23604,39724,19936
12,Dakshina Kannada,3.3,10,4.3,5.3,626279,154509,91011,140476,82009
13,Davanagere,3.9,1.8,1.2,1.6,242159,47801,24954,41272,20882
14,Dharwad,1.7,2.8,2.3,2.4,300627,68591,38164,61615,33709
15,Gadag,1.2,1,1,1,224073,28603,15813,24964,13508
16,Kalaburagi,2,1.9,1.6,1.7,144449,50039,28204,42722,23523
17,Hassan,4.1,1.9,2.1,2.3,338877,66247,36257,58835,31552
18,Haveri,2.2,1.2,1.3,1.4,203257,39571,21541,34456,18278
19,Kodagu,2.8,0.5,0.5,0.7,353701,21510,11257,18935,9557
20,Kolar,3,1.9,1.3,1.6,249201,46568,25472,40659,21761
21,Koppal,2.9,1.1,0.9,1.1,181152,33020,17699,28820,15003
22,Mandya,3.1,2.5,2.1,2.3,341159,66775,37556,59325,32812
23,Mysuru,5,2.8,3.3,3.4,269333,99527,53757,88325,46647
24,Raichur,2.9,1.4,1.4,1.6,178888,45167,25151,39130,21235
25,Bangalore South,2.5,2.3,1.2,1.5,319088,44055,24371,39077,21278
26,Shivamogga,4.9,3.1,2.2,2.7,389743,78037,41523,69681,36330
27,Tumakuru,5.2,5.3,2.7,3.5,334980,100988,56518,88719,48835
28,Udupi,3.2,3.4,2.2,2.6,600683,75198,43057,68646,38842
29,Uttara Kannada,2.5,1.7,1.5,1.7,295116,48509,26692,42780,23061
30,Vijayanagar,2.1,1.6,1,1.3,193230,37307,20572,31824,17071
31,Yadagiri,2,0.8,0.8,0.9,164388,26517,14860,23028,12573
,State,100,100,100,100,386156,2906063,1594216,2639837,1424642
